-- PRODUCTOS
INSERT INTO "producto" ("id_producto", "nombre_producto", "precio") VALUES
(1, 'Shampoo', 5000),
(2, 'Acondicionador', 4500),
(3, 'Mascarilla', 7000),
(4, 'Gel', 3500),
(5, 'Spray', 4000),
(6, 'Tinte Rojo', 12000),
(7, 'Tinte Rubio', 15000),
(8, 'Tinte Castaño', 11000),
(9, 'Laca', 3000),
(10, 'Cera', 2500),
(11, 'Champú Seco', 5500),
(12, 'Crema Hidratante', 6000),
(13, 'Serum', 7500),
(14, 'Protector Térmico', 5000),
(15, 'Acrílicos', 9000),
(16, 'Removedor Acrílicos', 4000),
(17, 'Esmalte Rojo', 3000),
(18, 'Esmalte Nude', 3200),
(19, 'Esmalte Negro', 3500),
(20, 'Toalla', 2000);

-- SERVICIOS
INSERT INTO "servicio" ("id_servicio", "nombre_servicio", "valor") VALUES
(1, 'Corte de cabello', 15000),
(2, 'Peinado', 12000),
(3, 'Lavado', 8000),
(4, 'Tinte', 20000),
(5, 'Manicure', 10000),
(6, 'Pedicure', 12000),
(7, 'Tratamiento capilar', 18000),
(8, 'Alisado', 25000),
(9, 'Ondulado', 22000),
(10, 'Masaje capilar', 9000),
(11, 'Depilación cejas', 5000),
(12, 'Depilación facial', 7000),
(13, 'Peinado recogido', 15000),
(14, 'Maquillaje', 20000),
(15, 'Extensiones', 30000),
(16, 'Tinte raíces', 18000),
(17, 'Color completo', 25000),
(18, 'Tratamiento keratina', 28000),
(19, 'Laminado de pestañas', 15000),
(20, 'Cejas y pestañas', 10000);

-- DETALLES (para la cita con id 1)
INSERT INTO "detalle" ("id_detalle", "id_cita", "id_producto", "id_servicio") VALUES
(1, 1, 1, 1),
(2, 1, 2, 2),
(3, 1, 3, 3),
(4, 1, 4, 4),
(5, 1, 5, 5),
(6, 1, 6, 6),
(7, 1, 7, 7),
(8, 1, 8, 8),
(9, 1, 9, 9),
(10, 1, 10, 10),
(11, 1, 11, 11),
(12, 1, 12, 12),
(13, 1, 13, 13),
(14, 1, 14, 14),
(15, 1, 15, 15),
(16, 1, 16, 16),
(17, 1, 17, 17),
(18, 1, 18, 18),
(19, 1, 19, 19),
(20, 1, 20, 20);

-- PAGOS (uno por cada detalle)
INSERT INTO "pago" ("id_pago", "valor", "id_detalle") VALUES
(1, 20000, 1),
(2, 25000, 2),
(3, 15000, 3),
(4, 30000, 4),
(5, 12000, 5),
(6, 14000, 6),
(7, 18000, 7),
(8, 22000, 8),
(9, 10000, 9),
(10, 9000, 10),
(11, 11000, 11),
(12, 12000, 12),
(13, 13000, 13),
(14, 14000, 14),
(15, 15000, 15),
(16, 16000, 16),
(17, 17000, 17),
(18, 18000, 18),
(19, 19000, 19),
(20, 20000, 20);
