INSERT INTO peluquero (id_peluquero, nombre, apellido, rut, nacionalidad) VALUES
(1, 'Carlos', 'González', '12345678-9', 'Chilena'),
(2, 'María', 'Pérez', '87654321-0', 'Argentina'),
(3, 'Javier', 'López', '11223344-5', 'Peruana'),
(4, 'Camila', 'Ramírez', '55667788-1', 'Chilena'),
(5, 'Diego', 'Soto', '99887766-2', 'Colombiana'),
(6, 'Valentina', 'Martínez', '33445566-7', 'Chilena'),
(7, 'Andrés', 'Morales', '44556677-8', 'Venezolana'),
(8, 'Fernanda', 'Castro', '22334455-6', 'Chilena'),
(9, 'Ignacio', 'Herrera', '66778899-4', 'Uruguaya'),
(10, 'Daniela', 'Torres', '77889900-1', 'Chilena'),
(11, 'Tomás', 'Rojas', '88990011-3', 'Boliviana'),
(12, 'Sofía', 'Araya', '99001122-5', 'Chilena'),
(13, 'Felipe', 'Mendoza', '10111213-4', 'Mexicana'),
(14, 'Josefa', 'Fuentes', '12131415-6', 'Chilena'),
(15, 'Matías', 'Silva', '13141516-7', 'Ecuatoriana'),
(16, 'Antonia', 'Cárdenas', '14151617-8', 'Chilena'),
(17, 'Benjamín', 'Navarro', '15161718-9', 'Paraguaya'),
(18, 'Constanza', 'Reyes', '16171819-0', 'Chilena'),
(19, 'Sebastián', 'Vega', '17181920-1', 'Panameña'),
(20, 'Isidora', 'Campos', '18192021-2', 'Chilena');

-- PRODUCTOS
INSERT INTO producto ("id_producto", "nombre_producto", "precio") VALUES
(1, 'Shampoo', 5000),
(2, 'Acondicionador', 4500),
(3, 'Mascarilla', 7000),
(4, 'Gel', 3500),
(5, 'Spray', 4000),
(6, 'Tinte Rojo', 12000),
(7, 'Tinte Rubio', 15000),
(8, 'Tinte Castaño', 11000),
(9, 'Laca', 3000),
(10, 'Cera', 2500),
(11, 'Champú Seco', 5500),
(12, 'Crema Hidratante', 6000),
(13, 'Serum', 7500),
(14, 'Protector Térmico', 5000),
(15, 'Acrílicos', 9000),
(16, 'Removedor Acrílicos', 4000),
(17, 'Esmalte Rojo', 3000),
(18, 'Esmalte Nude', 3200),
(19, 'Esmalte Negro', 3500),
(20, 'Toalla', 2000);

-- SERVICIOS
INSERT INTO servicio ("id_servicio", "nombre_servicio", "valor") VALUES
(1, 'Corte de cabello', 15000),
(2, 'Peinado', 12000),
(3, 'Lavado', 8000),
(4, 'Tinte', 20000),
(5, 'Manicure', 10000),
(6, 'Pedicure', 12000),
(7, 'Tratamiento capilar', 18000),
(8, 'Alisado', 25000),
(9, 'Ondulado', 22000),
(10, 'Masaje capilar', 9000),
(11, 'Depilación cejas', 5000),
(12, 'Depilación facial', 7000),
(13, 'Peinado recogido', 15000),
(14, 'Maquillaje', 20000),
(15, 'Extensiones', 30000),
(16, 'Tinte raíces', 18000),
(17, 'Color completo', 25000),
(18, 'Tratamiento keratina', 28000),
(19, 'Laminado de pestañas', 15000),
(20, 'Cejas y pestañas', 10000),
(21, 'Corte de barba', 10000);

-- Comunas
INSERT INTO "comuna" (id_comuna, nombre) VALUES
(1, 'Santiago'),
(2, 'Providencia'),
(3, 'Las Condes'),
(4, 'Ñuñoa'),
(5, 'Puente Alto'),
(6, 'Maipú'),
(7, 'La Florida'),
(8, 'Recoleta'),
(9, 'Vitacura'),
(10, 'Quilicura'),
(11, 'Lo Barnechea'),
(12, 'San Miguel'),
(13, 'La Cisterna'),
(14, 'Huechuraba'),
(15, 'Peñalolén'),
(16, 'Macul'),
(17, 'San Joaquín'),
(18, 'Lo Espejo'),
(19, 'Pedro Aguirre Cerda'),
(20, 'Independencia');

INSERT INTO peluqueria (id_peluqueria, nombre, id_comuna, direccion) VALUES
(1, 'DePelos', 1, 'Av. Departamental 123'),
(2, 'Rapunzel', 2, 'Calle Larga 456'),
(3, 'El Tijeretazo', 3, 'Av. Central 789'),
(4, 'Pelos al Viento', 4, 'Pasaje Corto 101'),
(5, 'La Pelu de la Esquina', 5, 'Callejón Estrecho 202'),
(6, 'Peinados con Estilo', 6, 'Av. Principal 303'),
(7, 'Corte y Confianza', 7, 'Boulevard Alegre 404');

--TABLA HORARIOS
INSERT INTO "horarios" (id_horarios, fecha, hora, estado, id_peluqueria) VALUES
(1, '2025-08-31', '09:00:00', FALSE, 1),
(2, '2025-08-31', '10:30:00', TRUE, 2),
(3, '2025-08-31', '12:00:00', TRUE, 3),
(4, '2025-08-31', '13:30:00', FALSE, 4),
(5, '2025-08-31', '15:00:00', TRUE, 5),
(6, '2025-08-31', '16:30:00', FALSE, 6),
(7, '2025-08-31', '18:00:00', TRUE, 7),
(8, '2025-08-31', '19:30:00', FALSE, 1),
(9, '2025-08-31', '21:00:00', FALSE, 4),
(10, '2018-01-15', '09:00:00', TRUE, 1),
(11, '2018-02-20', '10:30:00', FALSE, 1),
(12, '2018-03-10', '12:00:00', TRUE, 2),
(13, '2018-04-05', '13:30:00', FALSE, 3),
(14, '2018-05-12', '15:00:00', TRUE, 4),
(15, '2018-06-18', '16:30:00', FALSE, 5),
(16, '2018-07-22', '18:00:00', TRUE, 6),
(17, '2018-08-30', '19:30:00', FALSE, 7),
(18, '2018-09-14', '21:00:00', TRUE, 1),
(19, '2018-10-21', '09:00:00', FALSE, 1),
(20, '2018-11-11', '10:30:00', TRUE, 2),
(21, '2019-01-15', '12:00:00', FALSE, 1),
(22, '2019-02-20', '13:30:00', TRUE, 2),
(23, '2019-03-10', '15:00:00', FALSE, 3),
(24, '2019-04-05', '16:30:00', TRUE, 4),
(25, '2019-05-12', '18:00:00', FALSE, 5),
(26, '2019-06-18', '19:30:00', TRUE, 6),
(27, '2019-07-22', '21:00:00', FALSE, 7),
(28, '2019-08-30', '09:00:00', TRUE, 3),
(29, '2019-09-14', '10:30:00', FALSE, 1),
(30, '2019-10-21', '12:00:00', TRUE, 1),
(31, '2019-11-11', '13:30:00', FALSE, 1),
(32, '2020-01-15', '15:00:00', TRUE, 2),
(33, '2020-02-20', '16:30:00', FALSE, 3),
(34, '2020-03-10', '18:00:00', TRUE, 4),
(35, '2020-04-05', '19:30:00', FALSE, 5),
(36, '2020-05-12', '21:00:00', TRUE, 6),
(37, '2020-06-18', '09:00:00', FALSE, 7),
(38, '2020-07-22', '10:30:00', TRUE, 6),
(39, '2020-08-30', '12:00:00', FALSE, 5),
(40, '2020-09-14', '13:30:00', TRUE, 2),
(41, '2020-10-21', '15:00:00', FALSE, 5),
(42, '2020-11-11', '16:30:00', TRUE, 5),
(43, '2021-01-15', '18:00:00', FALSE, 5),
(44, '2021-02-20', '19:30:00', TRUE, 4),
(45, '2021-03-10', '21:00:00', FALSE, 5),
(46, '2021-04-05', '09:00:00', TRUE, 6),
(47, '2021-05-12', '10:30:00', FALSE, 7),
(48, '2021-06-18', '12:00:00', TRUE, 6),
(49, '2021-07-22', '13:30:00', FALSE, 2),
(50, '2021-08-30', '15:00:00', TRUE, 1),
(51, '2021-09-14', '16:30:00', FALSE, 1),
(52, '2021-10-21', '18:00:00', TRUE, 2),
(53, '2021-11-11', '19:30:00', FALSE, 3),
(54, '2022-01-15', '21:00:00', TRUE, 4),
(55, '2022-02-20', '09:00:00', FALSE, 5),
(56, '2022-03-10', '10:30:00', TRUE, 6),
(57, '2022-04-05', '12:00:00', FALSE, 7),
(58, '2022-05-12', '13:30:00', TRUE, 5),
(59, '2022-06-18', '15:00:00', FALSE, 1),
(60, '2022-07-22', '16:30:00', TRUE, 2),
(61, '2022-08-30', '18:00:00', FALSE, 1),
(62, '2022-09-14', '19:30:00', TRUE, 2),
(63, '2022-10-21', '21:00:00', FALSE, 3),
(64, '2022-11-11', '09:00:00', TRUE, 4),
(65, '2023-01-15', '10:30:00', FALSE, 5),
(66, '2023-02-20', '12:00:00', TRUE, 6),
(67, '2023-03-10', '13:30:00', FALSE, 7),
(68, '2023-04-05', '15:00:00', TRUE, 4),
(69, '2023-05-12', '16:30:00', FALSE, 5),
(70, '2023-06-18', '18:00:00', TRUE, 5),
(71, '2023-07-22', '19:30:00', FALSE, 1),
(72, '2023-08-30', '21:00:00', TRUE, 2),
(73, '2023-09-14', '09:00:00', FALSE, 3),
(74, '2023-10-21', '10:30:00', TRUE, 4),
(75, '2023-11-11', '12:00:00', FALSE, 5),
(76, '2024-01-15', '13:30:00', TRUE, 6),
(77, '2024-02-20', '15:00:00', FALSE, 7),
(78, '2024-03-10', '16:30:00', TRUE, 1),
(79, '2024-04-05', '18:00:00', FALSE, 1),
(80, '2024-05-12', '19:30:00', TRUE, 2),
(81, '2024-06-18', '21:00:00', FALSE, 1),
(82, '2024-07-22', '09:00:00', TRUE, 2),
(83, '2024-08-30', '10:30:00', FALSE, 3),
(84, '2024-09-14', '12:00:00', TRUE, 4),
(85, '2024-10-21', '13:30:00', FALSE, 5),
(86, '2024-11-11', '15:00:00', TRUE, 6),
(87, '2025-01-15', '16:30:00', FALSE, 7),
(88, '2025-02-20', '18:00:00', TRUE, 2),
(89, '2025-03-10', '19:30:00', FALSE, 1),
(90, '2025-04-05', '21:00:00', TRUE, 1),
(91, '2025-05-12', '09:00:00', FALSE, 1),
(92, '2025-06-18', '10:30:00', TRUE, 2),
(93, '2025-07-22', '12:00:00', FALSE, 3),
(94, '2025-08-31', '13:30:00', TRUE, 4),
(95, '2026-01-15', '15:00:00', FALSE, 5),
(96, '2027-02-20', '16:30:00', TRUE, 6),
(97, '2028-03-10', '18:00:00', FALSE, 7),
(98, '2029-04-05', '19:30:00', TRUE, 5),
(99, '2029-05-12', '21:00:00', FALSE, 5),
(100, '2029-06-18', '09:00:00', TRUE, 2);

-- Se asume una comuna de id 1
INSERT INTO cliente (id_cliente, nombre, rut, apellido, sexo, id_comuna) VALUES
(1,  'Diego',    '21432743-7', 'Ramos',     'M', 8),
(2,  'Camila',   '19234567-3', 'Soto',      'F', 6),
(3,  'Javier',   '20345678-5', 'Muñoz',     'M', 10),
(4,  'Valentina','21345987-2', 'González',  'F', 19),
(5,  'Matías',   '22456789-6', 'Fernández', 'M', 4),
(6,  'Francisca','19432123-1', 'López',     'F', 3),
(7,  'Sebastián','21498765-9', 'Castro',    'M', 8),
(8,  'Antonia',  '22347890-4', 'Torres',    'F', 1),
(9,  'Felipe',   '21456789-1', 'Martínez',  'M', 2),
(10, 'Catalina', '20456789-0', 'Pérez',     'F', 2),
(11, 'Cristóbal','22432123-7', 'Reyes',     'M', 7),
(12, 'Fernanda', '19345678-2', 'Hernández', 'F', 7),
(13, 'Ignacio',  '20234567-8', 'Vargas',    'M', 7),
(14, 'Daniela',  '21234567-4', 'Silva',     'F', 10),
(15, 'Tomás',    '22498765-6', 'Rojas',     'M', 10),
(16, 'Josefa',   '21412345-0', 'Morales',   'F', 6),
(17, 'Benjamín', '20398765-1', 'Gutiérrez', 'M', 6),
(18, 'Constanza','21345678-3', 'Ramírez',   'F', 20),
(19, 'Andrés',   '22312345-7', 'Pizarro',   'M', 9),
(20, 'Isidora',  '19498765-9', 'Navarro',   'F', 1);

INSERT INTO cliente_pelu (id_cliente, id_peluqueria, id_cliente_pelu) VALUES
(1,4,1),
(2, 1, 2),
(3, 6, 3),
(4, 2, 4),
(5, 7, 5),
(6, 3, 6),
(7, 5, 7),
(8, 1, 8),
(9, 4, 9),
(10, 6, 10),
(11, 2, 11),
(12, 7, 12),
(13, 3, 13),
(14, 5, 14),
(15, 1, 15),
(16, 4, 16),
(17, 6, 17),
(18, 2, 18),
(19, 7, 19),
(20, 3, 20),
(1, 5, 21),
(2, 7, 22),
(3, 2, 23),
(4, 6, 24),
(5, 1, 25);

-- TABLA CITA
INSERT INTO cita (id_cita, duracion, id_horarios, id_peluquero, id_cliente_pelu) VALUES
(1, 90, 1, 1, 1),
(2, 60, 2, 2, 2),
(3, 30, 3, 3, 3),
(4, 30, 4, 4, 4),
(5, 90, 5, 5, 5),
(6, 30, 6, 6, 6),
(7, 60, 7, 7, 7),
(8, 90, 8, 8, 8),
(9, 45, 9, 9, 9),
(10, 60, 10, 10, 10),
(11, 90, 11, 11, 11),
(12, 30, 12, 12, 12),
(13, 60, 13, 13, 13),
(14, 45, 14, 14, 14),
(15, 90, 15, 15, 15),
(16, 60, 16, 16, 16),
(17, 30, 17, 17, 17),
(18, 90, 18, 18, 18),
(19, 60, 19, 19, 19),
(20, 45, 20, 20, 20),
(21, 90, 21, 1, 21),
(22, 30, 22, 2, 22),
(23, 60, 23, 3, 23),
(24, 90, 24, 4, 24),
(25, 45, 25, 5, 25),
(26, 60, 26, 6, 1),
(27, 30, 27, 7, 2),
(28, 90, 28, 8, 3),
(29, 60, 29, 9, 4),
(30, 45, 30, 10, 5),
(31, 90, 31, 11, 6),
(32, 30, 32, 12, 7),
(33, 60, 33, 13, 8),
(34, 90, 34, 14, 9),
(35, 45, 35, 15, 10),
(36, 60, 36, 16, 11),
(37, 30, 37, 17, 12),
(38, 90, 38, 18, 13),
(39, 60, 39, 19, 14),
(40, 45, 40, 20, 15),
(41, 90, 41, 1, 16),
(42, 30, 42, 2, 17),
(43, 60, 43, 3, 18),
(44, 90, 44, 4, 19),
(45, 45, 45, 5, 20),
(46, 60, 46, 6, 21),
(47, 30, 47, 7, 22),
(48, 90, 48, 8, 23),
(49, 60, 49, 9, 24),
(50, 45, 50, 10, 25),
(51, 60, 51, 11, 1),
(52, 30, 52, 12, 2),
(53, 90, 53, 13, 3),
(54, 45, 54, 14, 4),
(55, 60, 55, 15, 5),
(56, 30, 56, 16, 6),
(57, 90, 57, 17, 7),
(58, 45, 58, 18, 8),
(59, 60, 59, 19, 9),
(60, 30, 60, 20, 10),
(61, 90, 61, 1, 11),
(62, 45, 62, 2, 12),
(63, 60, 63, 3, 13),
(64, 30, 64, 4, 14),
(65, 90, 65, 5, 15),
(66, 45, 66, 6, 16),
(67, 60, 67, 7, 17),
(68, 30, 68, 8, 18),
(69, 90, 69, 9, 19),
(70, 45, 70, 10, 20),
(71, 60, 71, 11, 21),
(72, 30, 72, 12, 22),
(73, 90, 73, 13, 23),
(74, 45, 74, 14, 24),
(75, 60, 75, 15, 25),
(76, 30, 76, 16, 1),
(77, 90, 77, 17, 2),
(78, 45, 78, 18, 3),
(79, 60, 79, 19, 4),
(80, 30, 80, 20, 5),
(81, 90, 81, 1, 6),
(82, 45, 82, 2, 7),
(83, 60, 83, 3, 8),
(84, 30, 84, 4, 9),
(85, 90, 85, 5, 10),
(86, 45, 86, 6, 11),
(87, 60, 87, 7, 12),
(88, 30, 88, 8, 13),
(89, 90, 89, 9, 14),
(90, 45, 90, 10, 15),
(91, 60, 91, 11, 16),
(92, 30, 92, 12, 17),
(93, 90, 93, 13, 18),
(94, 45, 94, 14, 19),
(95, 60, 95, 15, 20),
(96, 30, 96, 16, 21),
(97, 90, 97, 17, 22),
(98, 45, 98, 18, 23),
(99, 60, 99, 19, 24),
(100, 30, 100, 20, 25);

-- DETALLES (para la cita con id 1)
INSERT INTO detalle ("id_detalle", "id_cita", "id_producto", "id_servicio") VALUES
(1, 1, 1, 1),
(2, 2, 2, 2),
(3, 3, 3, 3),
(4, 4, 4, 4),
(5, 5, 5, 5),
(6, 6, 6, 6),
(7, 7, 7, 7),
(8, 8, 8, 8),
(9, 9, 9, 9),
(10, 10, 10, 10),
(11, 11, 11, 11),
(12, 12, 12, 12),
(13, 13, 13, 13),
(14, 14, 14, 14),
(15, 15, 15, 15),
(16, 16, 16, 16),
(17, 17, 17, 17),
(18, 18, 18, 18),
(19, 19, 19, 19),
(20, 20, 20, 20),
(21, 21, 20, 21);

-- PAGOS (uno por cada detalle)
INSERT INTO pago ("id_pago", "valor", "id_detalle") VALUES
(1, 20000, 1),
(2, 25000, 2),
(3, 15000, 3),
(4, 30000, 4),
(5, 12000, 5),
(6, 14000, 6),
(7, 18000, 7),
(8, 22000, 8),
(9, 10000, 9),
(10, 9000, 10),
(11, 11000, 11),
(12, 12000, 12),
(13, 13000, 13),
(14, 14000, 14),
(15, 15000, 15),
(16, 16000, 16),
(17, 17000, 17),
(18, 18000, 18),
(19, 19000, 19),
(20, 20000, 20);

-- Empleados
INSERT INTO "empleado" (id_empleado, id_peluqueria, id_peluquero, id_comuna) 
VALUES
    (1, 1, 1, 1),   
    (2, 1, 1, 2),  
    (3, 1, 1, 3),  
    (4, 1, 1, 4),   
    (5, 1, 1, 5),  
    (6, 1, 1, 6),   
    (7, 1, 1, 7),  
    (8, 1, 1, 8),   
    (9, 1, 1, 9),  
    (10, 1, 1, 10),
	(11, 1, 1, 1),   
    (12, 1, 1, 2),  
    (13, 1, 1, 3),  
    (14, 1, 1, 4),   
    (15, 1, 1, 5),  
    (16, 1, 1, 6),   
    (17, 1, 1, 7),  
    (18, 1, 1, 8),   
    (19, 1, 1, 9),  
    (20, 1, 1, 10);

-- Sueldos
INSERT INTO "sueldo" (id_sueldo, id_empleado, monto, bonos, descuentos, fecha) 
VALUES 
    (1,  2, 100000, 3, 2, '2025-08-04'),
    (2,  2, 105000, 2, 1, '2025-09-04'),
    (3,  2, 110000, 4, 3, '2025-10-04'),
    (4,  2, 108500, 1, 2, '2025-11-04'),
    (5,  2, 112000, 3, 1, '2025-12-04'),
    (6,  2, 115000, 2, 2, '2026-01-04'),
    (7,  2, 117500, 5, 1, '2026-02-04'),
    (8,  2, 120000, 2, 3, '2026-03-04'),
    (9,  2, 123000, 4, 2, '2026-04-04'),
    (10, 2, 125500, 3, 1, '2026-05-04'),
	(11, 2, 128000, 2, 2, '2026-06-04'),
    (12, 2, 130500, 3, 1, '2026-07-04'),
    (13, 2, 133000, 4, 2, '2026-08-04'),
    (14, 2, 135000, 2, 3, '2026-09-04'),
    (15, 2, 137500, 5, 2, '2026-10-04'),
    (16, 2, 140000, 3, 1, '2026-11-04'),
    (17, 2, 142500, 2, 2, '2026-12-04'),
    (18, 2, 145000, 4, 3, '2027-01-04'),
    (19, 2, 147500, 3, 1, '2027-02-04'),
    (20, 2, 150000, 2, 2, '2027-03-04');
